"id","title","director","release_year","runtime","rating","metascore","gross(M)"
1,"Witness for the Prosecution","Billy Wilder","1957",116,8.4,76,8.18
2,"The Shawshank Redemption","Frank Darabont","1994",142,9.3,82,28.34
3,"The Great Dictator","Charles Chaplin","1940",125,8.4,0,0.29
4,"High and Low","Akira Kurosawa","1963",143,8.4,90,0.0
5,"The Godfather","Francis Ford Coppola","1972",175,9.2,100,134.97
6,"Kaithi","Lokesh Kanagaraj","2019",145,8.4,0,0.0
7,"The Dark Knight","Christopher Nolan","2008",152,9.0,84,534.86
8,"Schindler's List","Steven Spielberg","1993",195,9.0,95,96.9
9,"12 Angry Men","Sidney Lumet","1957",96,9.0,97,4.36
10,"The Lord of the Rings: The Return of the King","Peter Jackson","2003",201,9.0,94,377.85
11,"The Godfather Part II","Francis Ford Coppola","1974",202,9.0,90,57.3
12,"Spider-Man: Across the Spider-Verse","Joaquim Dos Santos","2023",140,8.9,86,0.0
13,"Sardar Udham","Shoojit Sircar","2021",164,8.4,0,0.0
14,"Pulp Fiction","Quentin Tarantino","1994",154,8.9,95,107.93
15,"Inception","Christopher Nolan","2010",148,8.8,74,292.58
16,"Asuran","Vetrimaaran","2019",141,8.4,0,0.0
17,"The Lord of the Rings: The Fellowship of the Ring","Peter Jackson","2001",178,8.8,92,315.54
18,"Drishyam 2","Jeethu Joseph","2021",152,8.4,0,0.0
19,"Fight Club","David Fincher","1999",139,8.8,67,37.03
20,"Forrest Gump","Robert Zemeckis","1994",142,8.8,82,330.25
21,"Top Gun: Maverick","Joseph Kosinski","2022",130,8.3,78,718.73
22,"Heat","Michael Mann","1995",170,8.3,76,67.44
23,"Inglourious Basterds","Quentin Tarantino","2009",153,8.3,69,120.54
24,"Full Metal Jacket","Stanley Kubrick","1987",116,8.3,78,46.36
25,"Scarface","Brian De Palma","1983",170,8.3,65,45.6
26,"American Beauty","Sam Mendes","1999",122,8.3,84,130.1
27,"The Good, the Bad and the Ugly","Sergio Leone","1966",178,8.8,90,6.1
28,"The Lord of the Rings: The Two Towers","Peter Jackson","2002",179,8.8,87,342.55
29,"Jai Bhim","T.J. Gnanavel","2021",164,8.8,0,0.0
30,"777 Charlie","Kiranraj K","2022",164,8.8,0,0.0
31,"Interstellar","Christopher Nolan","2014",169,8.7,74,188.02
32,"Goodfellas","Martin Scorsese","1990",145,8.7,92,46.84
33,"Requiem for a Dream","Darren Aronofsky","2000",102,8.3,71,3.64
34,"The Matrix","Lana Wachowski","1999",136,8.7,73,171.48
35,"Good Will Hunting","Gus Van Sant","1997",126,8.3,70,138.43
36,"Eternal Sunshine of the Spotless Mind","Michel Gondry","2004",108,8.3,89,34.4
37,"A Clockwork Orange","Stanley Kubrick","1971",136,8.3,77,6.21
38,"One Flew Over the Cuckoo's Nest","Milos Forman","1975",133,8.7,84,112.0
39,"Star Wars: Episode V - The Empire Strikes Back","Irvin Kershner","1980",124,8.7,82,290.48
40,"Rocketry: The Nambi Effect","Madhavan","2022",157,8.7,0,0.0
41,"Vertigo","Alfred Hitchcock","1958",128,8.3,100,3.2
42,"Soorarai Pottru","Sudha Kongara","2020",153,8.7,0,0.0
43,"Braveheart","Mel Gibson","1995",178,8.3,68,75.6
44,"The Green Mile","Frank Darabont","1999",189,8.6,61,136.8
45,"2001: A Space Odyssey","Stanley Kubrick","1968",149,8.3,84,56.95
46,"Terminator 2: Judgment Day","James Cameron","1991",137,8.6,75,204.84
47,"Reservoir Dogs","Quentin Tarantino","1992",99,8.3,81,2.83
48,"Se7en","David Fincher","1995",127,8.6,65,100.13
49,"Once Upon a Time in America","Sergio Leone","1984",229,8.3,75,5.32
50,"The Hunt","Thomas Vinterberg","2012",115,8.3,77,0.69
51,"Saving Private Ryan","Steven Spielberg","1998",169,8.6,91,216.54
52,"Toy Story","John Lasseter","1995",81,8.3,96,191.8
53,"The Silence of the Lambs","Jonathan Demme","1991",118,8.6,86,130.74
54,"Star Wars: Episode IV - A New Hope","George Lucas","1977",121,8.6,90,322.74
55,"Spirited Away","Hayao Miyazaki","2001",125,8.6,96,10.06
56,"City of God","Fernando Meirelles","2002",130,8.6,79,7.56
57,"Life Is Beautiful","Roberto Benigni","1997",116,8.6,59,57.6
58,"Seven Samurai","Akira Kurosawa","1954",207,8.6,98,0.27
59,"Hamilton","Thomas Kail","2020",160,8.3,89,0.0
60,"Up","Pete Docter","2009",96,8.3,88,293.0
61,"It's a Wonderful Life","Frank Capra","1946",130,8.6,89,0.0
62,"Harakiri","Masaki Kobayashi","1962",133,8.6,85,0.0
63,"Star Wars: Episode VI - Return of the Jedi","Richard Marquand","1983",131,8.3,58,309.13
64,"Sita Ramam","Hanu Raghavapudi","2022",163,8.6,0,0.0
65,"Back to the Future","Robert Zemeckis","1985",116,8.5,87,210.61
66,"The Departed","Martin Scorsese","2006",151,8.5,85,132.38
67,"Gladiator","Ridley Scott","2000",155,8.5,67,187.71
68,"Alien","Ridley Scott","1979",117,8.5,89,78.9
69,"Amélie","Jean-Pierre Jeunet","2001",122,8.3,69,33.23
70,"Incendies","Denis Villeneuve","2010",131,8.3,80,6.86
71,"Lawrence of Arabia","David Lean","1962",218,8.3,100,44.82
72,"Toy Story 3","Lee Unkrich","2010",103,8.3,92,415.0
73,"Princess Mononoke","Hayao Miyazaki","1997",134,8.3,76,2.38
74,"Parasite","Bong Joon Ho","2019",132,8.5,96,53.37
75,"North by Northwest","Alfred Hitchcock","1959",136,8.3,98,13.28
76,"The Prestige","Christopher Nolan","2006",130,8.5,66,53.09
77,"To Kill a Mockingbird","Robert Mulligan","1962",129,8.3,88,0.0
78,"Whiplash","Damien Chazelle","2014",106,8.5,89,13.09
79,"Léon: The Professional","Luc Besson","1994",110,8.5,64,19.5
80,"The Lion King","Roger Allers","1994",88,8.5,88,422.78
81,"The Usual Suspects","Bryan Singer","1995",106,8.5,77,23.34
82,"Citizen Kane","Orson Welles","1941",119,8.3,100,1.59
83,"Casablanca","Michael Curtiz","1942",102,8.5,100,1.02
84,"Singin' in the Rain","Stanley Donen","1952",103,8.3,99,8.82
85,"Metropolis","Fritz Lang","1927",153,8.3,98,1.24
86,"American History X","Tony Kaye","1998",119,8.5,62,6.72
87,"The Sting","George Roy Hill","1973",129,8.3,83,159.6
88,"A Separation","Asghar Farhadi","2011",123,8.3,95,7.1
89,"M","Fritz Lang","1931",99,8.3,0,0.03
90,"Psycho","Alfred Hitchcock","1960",109,8.5,97,32.0
91,"The Apartment","Billy Wilder","1960",125,8.3,94,18.6
92,"The Pianist","Roman Polanski","2002",150,8.5,85,32.57
93,"The Intouchables","Olivier Nakache","2011",112,8.5,57,13.18
94,"Once Upon a Time in the West","Sergio Leone","1968",165,8.5,82,5.32
95,"Dangal","Nitesh Tiwari","2016",161,8.3,0,12.39
96,"Grave of the Fireflies","Isao Takahata","1988",89,8.5,94,0.0
97,"Rear Window","Alfred Hitchcock","1954",112,8.5,100,36.76
98,"Ikiru","Akira Kurosawa","1952",143,8.3,92,0.06
99,"Judgment at Nuremberg","Stanley Kramer","1961",179,8.3,60,0.0
100,"Kantara","Rishab Shetty","2022",148,8.3,0,0.0
101,"Cinema Paradiso","Giuseppe Tornatore","1988",155,8.5,80,11.99
102,"Double Indemnity","Billy Wilder","1944",107,8.3,95,5.72
103,"Modern Times","Charles Chaplin","1936",87,8.5,96,0.16
104,"Like Stars on Earth","Aamir Khan","2007",165,8.3,0,1.22
105,"City Lights","Charles Chaplin","1931",87,8.5,99,0.02
106,"Bicycle Thieves","Vittorio De Sica","1948",89,8.3,0,0.33
107,"96","C. Prem Kumar","2018",158,8.5,0,0.0
108,"Ayla: The Daughter of War","Can Ulkay","2017",125,8.3,0,0.0
109,"Indiana Jones and the Raiders of the Lost Ark","Steven Spielberg","1981",115,8.4,85,248.16
110,"K.G.F: Chapter 2","Prashanth Neel","2022",168,8.3,0,6.6
111,"Spider-Man: Into the Spider-Verse","Bob Persichetti","2018",117,8.4,87,190.24
112,"Vikram","Lokesh Kanagaraj","2022",175,8.3,0,0.0
113,"Avengers: Endgame","Anthony Russo","2019",181,8.4,78,858.37
114,"Chhichhore","Nitesh Tiwari","2019",143,8.3,0,0.9
115,"The Kid","Charles Chaplin","1921",68,8.3,0,5.45
116,"Shershaah","Vishnuvardhan","2021",135,8.3,0,0.0
117,"Django Unchained","Quentin Tarantino","2012",165,8.4,81,162.81
118,"Raatchasan","Ram Kumar","2018",170,8.3,0,0.0
119,"Apocalypse Now","Francis Ford Coppola","1979",147,8.4,94,83.47
120,"Aliens","James Cameron","1986",137,8.4,84,85.16
121,"Joker","Todd Phillips","2019",122,8.4,59,335.45
122,"Drishyam","Jeethu Joseph","2013",160,8.3,0,0.0
123,"Guardians of the Galaxy Vol. 3","James Gunn","2023",150,8.2,64,0.0
124,"Indiana Jones and the Last Crusade","Steven Spielberg","1989",127,8.2,65,197.17
125,"The Dark Knight Rises","Christopher Nolan","2012",164,8.4,78,448.14
126,"The Wolf of Wall Street","Martin Scorsese","2013",180,8.2,75,116.9
127,"Avengers: Infinity War","Anthony Russo","2018",149,8.4,68,678.82
128,"The Shining","Stanley Kubrick","1980",146,8.4,66,44.02
129,"Spider-Man: No Way Home","Jon Watts","2021",148,8.2,71,804.75
130,"There Will Be Blood","Paul Thomas Anderson","2007",158,8.2,93,40.22
131,"Jurassic Park","Steven Spielberg","1993",127,8.2,68,402.45
132,"Oldboy","Park Chan-wook","2003",120,8.4,77,0.71
133,"Memento","Christopher Nolan","2000",113,8.4,83,25.54
134,"Amadeus","Milos Forman","1984",160,8.4,88,51.97
135,"Shutter Island","Martin Scorsese","2010",138,8.2,63,128.01
136,"Come and See","Elem Klimov","1985",142,8.4,0,0.0
137,"No Country for Old Men","Ethan Coen","2007",122,8.2,92,74.28
138,"Coco","Lee Unkrich","2017",105,8.4,81,209.73
139,"The Thing","John Carpenter","1982",109,8.2,57,13.78
140,"Batman Begins","Christopher Nolan","2005",140,8.2,70,206.85
141,"Taxi Driver","Martin Scorsese","1976",114,8.2,94,28.26
142,"Your Name.","Makoto Shinkai","2016",106,8.4,81,5.02
143,"WALL·E","Andrew Stanton","2008",98,8.4,95,223.81
144,"1917","Sam Mendes","2019",119,8.2,78,159.23
145,"3 Idiots","Rajkumar Hirani","2009",170,8.4,67,6.53
146,"Casino","Martin Scorsese","1995",178,8.2,73,42.44
147,"The Lives of Others","Florian Henckel von Donnersmarck","2006",137,8.4,89,11.29
148,"Dr. Strangelove or: How I Learned to Stop Worrying and Love the Bomb","Stanley Kubrick","1964",95,8.4,97,0.28
149,"Snatch","Guy Ritchie","2000",102,8.2,55,30.33
150,"Das Boot","Wolfgang Petersen","1981",149,8.4,86,11.49
151,"Howl's Moving Castle","Hayao Miyazaki","2004",119,8.2,82,4.71
152,"Capernaum","Nadine Labaki","2018",126,8.4,75,1.66
153,"Unforgiven","Clint Eastwood","1992",130,8.2,85,101.16
154,"Sunset Blvd.","Billy Wilder","1950",110,8.4,94,0.0
155,"The Truman Show","Peter Weir","1998",103,8.2,90,125.62
156,"Green Book","Peter Farrelly","2018",130,8.2,69,85.08
157,"Kill Bill: Vol. 1","Quentin Tarantino","2003",111,8.2,69,70.1
158,"Paths of Glory","Stanley Kubrick","1957",88,8.4,90,0.0
159,"L.A. Confidential","Curtis Hanson","1997",138,8.2,91,64.62
160,"The Sixth Sense","M. Night Shyamalan","1999",107,8.2,64,293.51
161,"Finding Nemo","Andrew Stanton","2003",100,8.2,90,380.84
162,"Die Hard","John McTiernan","1988",132,8.2,72,83.01
163,"A Beautiful Mind","Ron Howard","2001",135,8.2,72,170.74
164,"The Father","Florian Zeller","2020",97,8.2,88,0.0
165,"Downfall","Oliver Hirschbiegel","2004",156,8.2,82,5.51
166,"Gone with the Wind","Victor Fleming","1939",238,8.2,97,198.68
167,"Chinatown","Roman Polanski","1974",130,8.2,92,8.49
168,"Million Dollar Baby","Clint Eastwood","2004",132,8.1,86,100.49
169,"Barry Lyndon","Stanley Kubrick","1975",185,8.1,89,0.0
170,"In the Mood for Love","Kar-Wai Wong","2000",98,8.1,87,2.73
171,"La haine","Mathieu Kassovitz","1995",98,8.1,0,0.31
172,"Hachi: A Dog's Tale","Lasse Hallström","2009",93,8.1,0,0.0
173,"My Neighbor Totoro","Hayao Miyazaki","1988",86,8.1,86,1.11
174,"Raging Bull","Martin Scorsese","1980",129,8.1,90,23.38
175,"Cool Hand Luke","Stuart Rosenberg","1967",127,8.1,92,16.22
176,"The Iron Giant","Brad Bird","1999",86,8.1,85,23.16
177,"Wild Tales","Damián Szifron","2014",122,8.1,77,3.11
178,"Before Sunset","Richard Linklater","2004",80,8.1,91,5.82
179,"Stalker","Andrei Tarkovsky","1979",162,8.1,85,0.23
180,"A Silent Voice: The Movie","Naoko Yamada","2016",130,8.1,78,0.0
181,"Network","Sidney Lumet","1976",121,8.1,83,0.0
182,"Ben-Hur","William Wyler","1959",212,8.1,90,74.7
183,"Paris, Texas","Wim Wenders","1984",145,8.1,81,2.18
184,"The Seventh Seal","Ingmar Bergman","1957",96,8.1,88,0.0
185,"The Bridge on the River Kwai","David Lean","1957",161,8.1,87,44.91
186,"Persona","Ingmar Bergman","1966",83,8.1,86,0.0
187,"V for Vendetta","James McTeigue","2005",132,8.2,62,70.51
188,"In the Name of the Father","Jim Sheridan","1993",133,8.1,84,25.01
189,"Pan's Labyrinth","Guillermo del Toro","2006",118,8.2,98,37.63
190,"Hotel Rwanda","Terry George","2004",121,8.1,79,23.53
191,"The Great Escape","John Sturges","1963",172,8.2,86,12.1
192,"Amores Perros","Alejandro G. Iñárritu","2000",154,8.1,83,5.38
193,"Some Like It Hot","Billy Wilder","1959",121,8.2,98,25.0
194,"The Message","Moustapha Akkad","1976",177,8.1,0,0.0
195,"Monty Python and the Holy Grail","Terry Gilliam","1975",91,8.2,91,1.23
196,"Rebecca","Alfred Hitchcock","1940",130,8.1,86,4.36
197,"The Elephant Man","David Lynch","1980",124,8.2,78,0.0
198,"Neon Genesis Evangelion: The End of Evangelion","Hideaki Anno","1997",87,8.1,0,0.0
199,"The Man Who Shot Liberty Valance","John Ford","1962",123,8.1,94,0.0
200,"Demon Slayer the Movie: Mugen Train","Haruo Sotozaki","2020",117,8.2,72,47.7
201,"Inherit the Wind","Stanley Kramer","1960",128,8.1,75,0.0
202,"The Secret in Their Eyes","Juan José Campanella","2009",129,8.2,80,6.39
203,"The Third Man","Carol Reed","1949",93,8.1,97,0.45
204,"For a Few Dollars More","Sergio Leone","1965",132,8.2,74,15.0
205,"Paper Moon","Peter Bogdanovich","1973",102,8.1,77,30.93
206,"The Best Years of Our Lives","William Wyler","1946",170,8.1,93,23.65
207,"Ran","Akira Kurosawa","1985",162,8.2,97,4.14
208,"The Grapes of Wrath","John Ford","1940",129,8.1,96,0.06
209,"Klaus","Sergio Pablos","2019",96,8.2,65,0.0
210,"All Quiet on the Western Front","Lewis Milestone","1930",152,8.1,91,3.27
211,"Drishyam 2","Abhishek Pathak","2022",140,8.2,0,0.0
212,"Mary and Max","Adam Elliot","2009",92,8.1,0,0.0
213,"Dial M for Murder","Alfred Hitchcock","1954",105,8.2,75,0.01
214,"A Woman Under the Influence","John Cassavetes","1974",155,8.1,88,13.34
215,"The 400 Blows","François Truffaut","1959",99,8.1,0,0.0
216,"Three Colors: Red","Krzysztof Kieslowski","1994",99,8.1,100,4.04
217,"All About Eve","Joseph L. Mankiewicz","1950",138,8.2,98,0.01
218,"The Celebration","Thomas Vinterberg","1998",105,8.1,82,1.65
219,"Baahubali 2: The Conclusion","S.S. Rajamouli","2017",167,8.2,0,20.19
220,"PK","Rajkumar Hirani","2014",153,8.1,0,10.62
221,"Andhadhun","Sriram Raghavan","2018",139,8.2,0,1.37
222,"It Happened One Night","Frank Capra","1934",105,8.1,87,4.36
223,"Gangs of Wasseypur","Anurag Kashyap","2012",321,8.2,89,0.0
224,"Fanny and Alexander","Ingmar Bergman","1982",188,8.1,100,4.97
225,"Bajrangi Bhaijaan","Kabir Khan","2015",163,8.1,0,8.18
226,"Rashomon","Akira Kurosawa","1950",88,8.2,98,0.1
227,"Wild Strawberries","Ingmar Bergman","1957",91,8.1,88,0.0
228,"The Treasure of the Sierra Madre","John Huston","1948",126,8.2,98,5.01
229,"The Red Shoes","Michael Powell","1948",135,8.1,0,10.9
230,"Yojimbo","Akira Kurosawa","1961",110,8.2,93,0.0
231,"Lagaan: Once Upon a Time in India","Ashutosh Gowariker","2001",224,8.1,84,0.07
232,"Yi Yi: A One and a Two...","Edward Yang","2000",173,8.1,94,1.14
233,"Underground","Emir Kusturica","1995",167,8.1,79,0.17
234,"To Be or Not to Be","Ernst Lubitsch","1942",99,8.2,86,0.0
235,"The Battle of Algiers","Gillo Pontecorvo","1966",121,8.1,96,0.06
236,"Drishyam","Nishikant Kamat","2015",163,8.2,0,0.74
237,"Farewell My Concubine","Kaige Chen","1993",171,8.1,83,5.22
238,"Tumbbad","Rahi Anil Barve","2018",104,8.2,0,0.0
239,"Mr. Smith Goes to Washington","Frank Capra","1939",129,8.1,73,9.6
240,"Zindagi Na Milegi Dobara","Zoya Akhtar","2011",155,8.2,0,3.11
241,"Miracle in Cell No. 7","Mehmet Ada Öztekin","2019",132,8.2,0,0.0
242,"Pather Panchali","Satyajit Ray","1955",125,8.2,0,0.54
243,"Z","Costa-Gavras","1969",127,8.2,86,0.08
244,"Tokyo Story","Yasujirô Ozu","1953",136,8.2,100,0.0
245,"Children of Heaven","Majid Majidi","1997",89,8.2,77,0.93
246,"Uri: The Surgical Strike","Aditya Dhar","2019",138,8.2,0,4.19
247,"Swades","Ashutosh Gowariker","2004",189,8.2,0,1.22
248,"The Wages of Fear","Henri-Georges Clouzot","1953",131,8.2,85,0.0
249,"K.G.F: Chapter 1","Prashanth Neel","2018",156,8.2,0,0.0
250,"The Passion of Joan of Arc","Carl Theodor Dreyer","1928",114,8.2,98,0.02
251,"My Father and My Son","Çagan Irmak","2005",112,8.2,0,0.0
252,"Sherlock Jr.","Buster Keaton","1924",45,8.2,0,0.98
253,"Dersu Uzala","Akira Kurosawa","1975",142,8.2,0,0.0
254,"Umberto D.","Vittorio De Sica","1952",89,8.2,92,0.07
255,"Vikram Vedha","Gayatri","2017",147,8.2,0,0.0
256,"Paan Singh Tomar","Tigmanshu Dhulia","2012",135,8.2,0,0.04
257,"Rangasthalam 1985","Sukumar","2018",170,8.2,0,3.51
258,"Winter Sleep","Nuri Bilge Ceylan","2014",196,8.1,88,0.17
259,"Diabolique","Henri-Georges Clouzot","1955",117,8.1,0,1.09
260,"Andrei Rublev","Andrei Tarkovsky","1966",205,8.1,0,0.1
261,"Bhaag Milkha Bhaag","Rakeysh Omprakash Mehra","2013",186,8.2,0,1.63
262,"Dil Chahta Hai","Farhan Akhtar","2001",183,8.1,0,0.3
263,"Wolf Children","Mamoru Hosoda","2012",117,8.1,71,0.0
264,"Jaws","Steven Spielberg","1975",124,8.1,87,260.0
265,"The Hidden Fortress","Akira Kurosawa","1958",126,8.1,89,0.0
266,"The Grand Budapest Hotel","Wes Anderson","2014",99,8.1,88,59.1
267,"Prisoners","Denis Villeneuve","2013",153,8.1,70,61.0
268,"Pirates of the Caribbean: The Curse of the Black Pearl","Gore Verbinski","2003",143,8.1,63,305.41
269,"Ace in the Hole","Billy Wilder","1951",111,8.1,72,3.97
270,"Blade Runner","Ridley Scott","1982",117,8.1,84,32.87
271,"White Heat","Raoul Walsh","1949",114,8.1,0,0.0
272,"The Terminator","James Cameron","1984",107,8.1,84,38.4
273,"The General","Clyde Bruckman","1926",78,8.1,0,1.03
274,"Masaan","Neeraj Ghaywan","2015",109,8.1,0,0.0
275,"Mad Max: Fury Road","George Miller","2015",120,8.1,90,154.06
276,"The Gold Rush","Charles Chaplin","1925",95,8.1,0,5.45
277,"Gone Girl","David Fincher","2014",149,8.1,79,167.77
278,"Throne of Blood","Akira Kurosawa","1957",110,8.1,0,0.0
279,"Barfi!","Anurag Basu","2012",151,8.1,0,2.8
280,"Ford v Ferrari","James Mangold","2019",152,8.1,81,117.62
281,"The Help","Tate Taylor","2011",146,8.1,62,169.71
282,"Talvar","Meghna Gulzar","2015",132,8.1,0,0.34
283,"Logan","James Mangold","2017",137,8.1,77,226.28
284,"Sunrise","F.W. Murnau","1927",94,8.1,95,0.54
285,"Catch Me If You Can","Steven Spielberg","2002",141,8.1,75,164.62
286,"Autumn Sonata","Ingmar Bergman","1978",99,8.1,0,0.0
287,"The Big Lebowski","Joel Coen","1998",117,8.1,71,17.5
288,"A Wednesday","Neeraj Pandey","2008",104,8.1,0,0.0
289,"Hacksaw Ridge","Mel Gibson","2016",139,8.1,71,67.21
290,"Stand by Me","Rob Reiner","1986",89,8.1,75,52.29
291,"Rififi","Jules Dassin","1955",118,8.1,97,0.06
292,"Ratatouille","Brad Bird","2007",111,8.1,96,206.45
293,"Harry Potter and the Deathly Hallows: Part 2","David Yates","2011",130,8.1,85,381.01
294,"The Exorcist","William Friedkin","1973",122,8.1,81,232.91
295,"Inside Out","Pete Docter","2015",95,8.1,94,356.46
296,"Rang De Basanti","Rakeysh Omprakash Mehra","2006",167,8.1,0,2.2
297,"The Handmaiden","Park Chan-wook","2016",145,8.1,85,2.01
298,"The Grand Illusion","Jean Renoir","1937",113,8.1,0,0.17
299,"Rocky","John G. Avildsen","1976",120,8.1,70,117.24
300,"On the Waterfront","Elia Kazan","1954",108,8.1,91,9.6
301,"Raise the Red Lantern","Yimou Zhang","1991",125,8.1,0,2.6
302,"Fargo","Joel Coen","1996",98,8.1,86,24.61
303,"Nights of Cabiria","Federico Fellini","1957",110,8.1,0,0.75
304,"Trainspotting","Danny Boyle","1996",93,8.1,83,16.5
305,"Pink","Aniruddha Roy Chowdhury","2016",136,8.1,0,1.24
306,"The Wizard of Oz","Victor Fleming","1939",102,8.1,92,2.08
307,"Let's Go! India","Shimit Amin","2007",153,8.1,68,1.11
308,"The Virgin Spring","Ingmar Bergman","1960",89,8.1,0,1.53
309,"Queen","Vikas Bahl","2013",146,8.1,0,1.43
310,"Three Billboards Outside Ebbing, Missouri","Martin McDonagh","2017",115,8.1,88,54.51
311,"Dead Poets Society","Peter Weir","1989",128,8.1,79,95.86
312,"Jean de Florette","Claude Berri","1986",120,8.1,0,4.94
313,"Into the Wild","Sean Penn","2007",148,8.1,73,18.35
314,"Article 15","Anubhav Sinha","2019",130,8.1,0,0.0
315,"The Deer Hunter","Michael Cimino","1978",183,8.1,86,48.98
316,"Time of the Gypsies","Emir Kusturica","1988",142,8.1,0,0.28
317,"Monsters, Inc.","Pete Docter","2001",92,8.1,79,289.92
318,"Sholay","Ramesh Sippy","1975",162,8.1,0,0.0
319,"Memories of Murder","Bong Joon Ho","2003",132,8.1,82,0.01
320,"Munna Bhai M.B.B.S.","Rajkumar Hirani","2003",156,8.1,0,0.0
321,"Room","Lenny Abrahamson","2015",118,8.1,86,14.68
322,"Tangerines","Zaza Urushadze","2013",87,8.1,73,0.14
323,"Before Sunrise","Richard Linklater","1995",101,8.1,77,5.54
324,"Kahaani","Sujoy Ghosh","2012",122,8.1,0,1.04
325,"Hera Pheri","Priyadarshan","2000",156,8.1,0,0.0
326,"Rush","Ron Howard","2013",123,8.1,74,26.95
327,"12 Years a Slave","Steve McQueen","2013",134,8.1,96,56.67
328,"Spotlight","Tom McCarthy","2015",129,8.1,93,45.06
329,"The Bandit","Yavuz Turgul","1996",128,8.1,0,0.0
330,"The Sound of Music","Robert Wise","1965",172,8.1,63,163.21
331,"The Circus","Charles Chaplin","1928",72,8.1,90,0.0
332,"Platoon","Oliver Stone","1986",120,8.1,92,138.53
333,"Udaan","Vikramaditya Motwane","2010",134,8.1,0,0.01
334,"How to Train Your Dragon","Dean DeBlois","2010",98,8.1,75,217.58
335,"OMG: Oh My God!","Umesh Shukla","2012",125,8.1,0,0.92
336,"Lock, Stock and Two Smoking Barrels","Guy Ritchie","1998",107,8.1,66,3.9
337,"Black","Sanjay Leela Bhansali","2005",122,8.1,0,0.73
338,"Warrior","Gavin O'Connor","2011",140,8.1,71,13.66
339,"Everything's Gonna Be Great","Ömer Vargi","1998",107,8.1,0,0.0
340,"Sarfarosh","John Mathew Matthan","1999",174,8.1,0,0.0
341,"Anand","Hrishikesh Mukherjee","1971",122,8.1,0,0.0
342,"Dune","Denis Villeneuve","2021",155,8.0,74,108.33
343,"Blade Runner 2049","Denis Villeneuve","2017",164,8.0,81,92.05
344,"Guardians of the Galaxy","James Gunn","2014",121,8.0,76,333.18
345,"Deadpool","Tim Miller","2016",108,8.0,65,363.07
346,"Rain Man","Barry Levinson","1988",133,8.0,65,178.8
347,"Black Swan","Darren Aronofsky","2010",108,8.0,79,106.95
348,"The Princess Bride","Rob Reiner","1987",98,8.0,77,30.86
349,"The Avengers","Joss Whedon","2012",143,8.0,69,623.28
350,"La La Land","Damien Chazelle","2016",128,8.0,94,151.1
351,"The Martian","Ridley Scott","2015",144,8.0,80,228.43
352,"Donnie Darko","Richard Kelly","2001",113,8.0,88,1.48
353,"The Incredibles","Brad Bird","2004",115,8.0,90,261.44
354,"Her","Spike Jonze","2013",126,8.0,91,25.57
355,"Portrait of a Lady on Fire","Céline Sciamma","2019",122,8.1,95,3.76
356,"Gran Torino","Clint Eastwood","2008",116,8.1,72,148.1
357,"Zootopia","Byron Howard","2016",108,8.0,78,341.27
358,"The Graduate","Mike Nichols","1967",106,8.0,83,104.95
359,"Casino Royale","Martin Campbell","2006",144,8.0,80,167.45
360,"The Revenant","Alejandro G. Iñárritu","2015",156,8.0,76,183.64
361,"The Imitation Game","Morten Tyldum","2014",114,8.0,71,91.13
362,"Sin City","Frank Miller","2005",124,8.0,74,74.1
363,"CODA","Sian Heder","2021",111,8.0,72,0.0
364,"Dances with Wolves","Kevin Costner","1990",181,8.0,72,184.21
365,"Magnolia","Paul Thomas Anderson","1999",188,8.0,78,22.46
366,"Slumdog Millionaire","Danny Boyle","2008",120,8.0,84,141.32
367,"Scent of a Woman","Martin Brest","1992",156,8.0,59,63.9
368,"Touch of Evil","Orson Welles","1958",95,8.0,99,2.24
369,"Soul","Pete Docter","2020",100,8.0,83,0.0
370,"Mirror","Andrei Tarkovsky","1975",107,8.0,82,0.18
371,"Groundhog Day","Harold Ramis","1993",101,8.0,72,70.91
372,"The Cabinet of Dr. Caligari","Robert Wiene","1920",67,8.0,0,0.0
373,"The Hustler","Robert Rossen","1961",134,8.0,90,8.28
374,"The Leopard","Luchino Visconti","1963",186,8.0,100,0.0
375,"Do the Right Thing","Spike Lee","1989",120,8.0,93,27.55
376,"Out of the Past","Jacques Tourneur","1947",97,8.0,85,0.0
377,"Le Samouraï","Jean-Pierre Melville","1967",101,8.0,0,0.04
378,"Dog Day Afternoon","Sidney Lumet","1975",125,8.0,86,50.0
379,"Young Frankenstein","Mel Brooks","1974",106,8.0,83,86.3
380,"Elite Squad","José Padilha","2007",115,8.0,33,0.01
381,"Aladdin","Ron Clements","1992",90,8.0,86,217.35
382,"Sweet Smell of Success","Alexander Mackendrick","1957",96,8.0,100,0.0
383,"Blood Diamond","Edward Zwick","2006",143,8.0,64,57.37
384,"The Tale of The Princess Kaguya","Isao Takahata","2013",137,8.0,89,1.51
385,"12 Monkeys","Terry Gilliam","1995",129,8.0,74,57.14
386,"Nobody Knows","Kore-eda Hirokazu","2004",141,8.0,88,0.68
387,"The Pursuit of Happyness","Gabriele Muccino","2006",117,8.0,64,163.57
388,"Sleuth","Joseph L. Mankiewicz","1972",138,8.0,0,4.08
389,"Big Fish","Tim Burton","2003",125,8.0,58,66.26
390,"Stalag 17","Billy Wilder","1953",120,8.0,84,0.0
391,"Secrets & Lies","Mike Leigh","1996",136,8.0,91,13.42
392,"The Diving Bell and the Butterfly","Julian Schnabel","2007",112,8.0,92,5.99
393,"Song of the Sea","Tomm Moore","2014",93,8.0,85,0.86
394,"The Sea Inside","Alejandro Amenábar","2004",126,8.0,74,2.09
395,"My Sassy Girl","Jae-young Kwak","2001",137,8.0,0,0.0
396,"Cries & Whispers","Ingmar Bergman","1972",91,8.0,0,1.74
397,"Brief Encounter","David Lean","1945",86,8.0,92,0.0
398,"Nostalghia","Andrei Tarkovsky","1983",125,8.0,0,0.01
399,"Dilwale Dulhania Le Jayenge","Aditya Chopra","1995",181,8.0,0,0.0
400,"Departures","Yôjirô Takita","2008",130,8.0,68,1.5
401,"Persepolis","Vincent Paronnaud","2007",96,8.0,90,4.45
402,"M.S. Dhoni: The Untold Story","Mathur Goswami","2016",184,8.0,0,1.78
403,"La strada","Federico Fellini","1954",108,8.0,0,0.0
404,"Black Cat, White Cat","Emir Kusturica","1998",127,8.0,73,0.35
405,"Quo Vadis, Aida?","Jasmila Zbanic","2020",101,8.0,97,0.0
406,"The Wild Pear Tree","Nuri Bilge Ceylan","2018",188,8.0,86,0.03
407,"Goodbye, Children","Louis Malle","1987",104,8.0,88,4.54
408,"Ivan's Childhood","Andrei Tarkovsky","1962",95,8.0,0,0.0
409,"Spring, Summer, Fall, Winter... and Spring","Kim Ki-duk","2003",103,8.0,85,2.38
410,"Beauty and the Beast","Gary Trousdale","1991",84,8.0,95,218.97
411,"Haider","Vishal Bhardwaj","2014",160,8.0,0,0.9
412,"Elite Squad 2: The Enemy Within","José Padilha","2010",115,8.0,71,0.1
413,"JFK","Oliver Stone","1991",189,8.0,72,70.41
414,"The Shop Around the Corner","Ernst Lubitsch","1940",99,8.0,96,0.2
415,"High Noon","Fred Zinnemann","1952",85,8.0,89,9.45
416,"Kind Hearts and Coronets","Robert Hamer","1949",106,8.0,0,0.0
417,"Planet of the Apes","Franklin J. Schaffner","1968",112,8.0,79,33.4
418,"Sanjuro","Akira Kurosawa","1962",96,8.0,0,0.0
419,"The Bourne Ultimatum","Paul Greengrass","2007",115,8.0,85,227.47
420,"The Exterminating Angel","Luis Buñuel","1962",95,8.0,0,0.0
421,"Akira","Katsuhiro Ôtomo","1988",124,8.0,67,0.55
422,"Central Station","Walter Salles","1998",110,8.0,80,5.6
423,"Rosemary's Baby","Roman Polanski","1968",137,8.0,96,0.0
424,"G.O.R.A.","Ömer Faruk Sorak","2004",127,8.0,0,0.0
425,"Rome, Open City","Roberto Rossellini","1945",103,8.0,0,0.0
426,"Perfect Blue","Satoshi Kon","1997",81,8.0,67,0.78
427,"Tae Guk Gi: The Brotherhood of War","Je-kyu Kang","2004",140,8.0,64,1.11
428,"The Invisible Guest","Oriol Paulo","2016",106,8.0,0,0.0
429,"Winter Light","Ingmar Bergman","1963",81,8.0,0,0.0
430,"Carry On, Munna Bhai","Rajkumar Hirani","2006",144,8.0,0,2.22
431,"Special 26","Neeraj Pandey","2013",144,8.0,0,1.08
432,"Kill Bill: Vol. 2","Quentin Tarantino","2004",137,8.0,83,66.21
433,"The Breath","Levent Semerci","2009",128,8.0,0,0.0
434,"Life of Brian","Terry Jones","1979",94,8.0,77,20.05
435,"Andaz Apna Apna","Rajkumar Santoshi","1994",160,8.0,0,0.0
436,"Butch Cassidy and the Sundance Kid","George Roy Hill","1969",110,8.0,66,102.31
437,"Vizontele","Yilmaz Erdogan","2001",110,8.0,0,0.0
438,"The King's Speech","Tom Hooper","2010",118,8.0,88,138.8
439,"Titanic","James Cameron","1997",194,7.9,75,659.33
440,"Dogville","Lars von Trier","2003",178,8.0,61,1.53
441,"John Wick: Chapter 4","Chad Stahelski","2023",169,7.9,78,0.0
442,"Avatar","James Cameron","2009",162,7.9,83,760.51
443,"Puss in Boots: The Last Wish","Joel Crawford","2022",102,7.9,73,168.46
444,"Zack Snyder's Justice League","Zack Snyder","2021",242,7.9,54,0.0
445,"Arrival","Denis Villeneuve","2016",116,7.9,81,100.55
446,"Fantastic Mr. Fox","Wes Anderson","2009",87,7.9,83,21.0
447,"Knives Out","Rian Johnson","2019",130,7.9,82,165.36
448,"Iron Man","Jon Favreau","2008",126,7.9,79,318.41
449,"Mulholland Drive","David Lynch","2001",147,7.9,86,7.22
450,"Harry Potter and the Prisoner of Azkaban","Alfonso Cuarón","2004",142,7.9,82,249.36
451,"Star Trek","J.J. Abrams","2009",127,7.9,82,257.73
452,"Fiddler on the Roof","Norman Jewison","1971",181,8.0,67,80.5
453,"True Romance","Tony Scott","1993",119,7.9,59,12.28
454,"Lion","Garth Davis","2016",118,8.0,69,51.74
455,"Boogie Nights","Paul Thomas Anderson","1997",155,7.9,85,26.4
456,"What Ever Happened to Baby Jane?","Robert Aldrich","1962",134,8.0,75,4.05
457,"Edward Scissorhands","Tim Burton","1990",105,7.9,74,56.36
458,"Edge of Tomorrow","Doug Liman","2014",113,7.9,71,100.21
459,"Ip Man","Wilson Yip","2008",106,8.0,59,0.0
460,"The Perks of Being a Wallflower","Stephen Chbosky","2012",103,7.9,67,17.74
461,"Sling Blade","Billy Bob Thornton","1996",135,8.0,84,24.48
462,"X-Men: Days of Future Past","Bryan Singer","2014",132,7.9,75,233.92
463,"Chungking Express","Kar-Wai Wong","1994",102,8.0,78,0.6
464,"Shaun of the Dead","Edgar Wright","2004",99,7.9,76,13.54
465,"Roman Holiday","William Wyler","1953",118,8.0,78,0.0
466,"Almost Famous","Cameron Crowe","2000",122,7.9,90,32.53
467,"Jojo Rabbit","Taika Waititi","2019",108,7.9,58,33.37
468,"Papillon","Franklin J. Schaffner","1973",151,8.0,58,53.27
469,"The Bourne Identity","Doug Liman","2002",119,7.9,68,121.66
470,"Mommy","Xavier Dolan","2014",139,8.0,74,3.49
471,"Bohemian Rhapsody","Bryan Singer","2018",134,7.9,49,216.43
472,"Being There","Hal Ashby","1979",130,8.0,83,30.18
473,"Thor: Ragnarok","Taika Waititi","2017",130,7.9,74,315.06
474,"The Last Picture Show","Peter Bogdanovich","1971",118,8.0,93,29.13
475,"Charade","Stanley Donen","1963",113,7.9,83,13.47
476,"E.T. the Extra-Terrestrial","Steven Spielberg","1982",115,7.9,92,435.11
477,"Shrek","Andrew Adamson","2001",90,7.9,84,267.67
478,"8½","Federico Fellini","1963",138,8.0,93,0.05
479,"Rope","Alfred Hitchcock","1948",80,7.9,73,0.0
480,"Annie Hall","Woody Allen","1977",93,8.0,92,39.2
481,"Life of Pi","Ang Lee","2012",127,7.9,79,124.99
482,"Nausicaä of the Valley of the Wind","Hayao Miyazaki","1984",117,8.0,86,0.5
483,"In Bruges","Martin McDonagh","2008",107,7.9,67,7.76
484,"Children of Men","Alfonso Cuarón","2006",109,7.9,84,35.55
485,"The Blues Brothers","John Landis","1980",133,7.9,60,57.23
486,"The Maltese Falcon","John Huston","1941",100,8.0,97,2.11
487,"Mystic River","Clint Eastwood","2003",138,7.9,84,90.14
488,"Solaris","Andrei Tarkovsky","1972",167,8.0,93,0.0
489,"Dallas Buyers Club","Jean-Marc Vallée","2013",117,7.9,77,27.3
490,"Castle in the Sky","Hayao Miyazaki","1986",125,8.0,78,0.0
491,"District 9","Neill Blomkamp","2009",112,7.9,81,115.65
492,"Rio Bravo","Howard Hawks","1959",141,8.0,93,12.54
493,"Marriage Story","Noah Baumbach","2019",137,7.9,94,2.0
494,"Pink Floyd: The Wall","Alan Parker","1982",95,8.0,47,22.24
495,"Wonder","Stephen Chbosky","2017",113,7.9,66,132.42
496,"Cinderella Man","Ron Howard","2005",144,8.0,69,61.65
497,"All the President's Men","Alan J. Pakula","1976",138,7.9,84,70.6
498,"Toy Story 2","John Lasseter","1999",92,7.9,88,245.85
499,"The Legend of 1900","Giuseppe Tornatore","1998",169,8.0,58,0.26
500,"The Searchers","John Ford","1956",119,7.9,94,0.0
501,"Boyhood","Richard Linklater","2014",165,7.9,100,25.38
502,"This Is Spinal Tap","Rob Reiner","1984",82,7.9,92,4.74
503,"Carlito's Way","Brian De Palma","1993",144,7.9,66,36.95
504,"The Man from Earth","Richard Schenkman","2007",87,7.9,0,0.0
505,"Bound by Honor","Taylor Hackford","1993",180,7.9,47,4.5
506,"Brazil","Terry Gilliam","1985",132,7.9,84,9.93
507,"Ghost in the Shell","Mamoru Oshii","1995",83,7.9,76,0.52
508,"The Nightmare Before Christmas","Henry Selick","1993",76,7.9,82,75.08
509,"Before Midnight","Richard Linklater","2013",109,7.9,94,8.11
510,"A Fistful of Dollars","Sergio Leone","1964",99,7.9,65,14.5
511,"Spartacus","Stanley Kubrick","1960",197,7.9,87,30.0
512,"The Wrestler","Darren Aronofsky","2008",109,7.9,80,26.24
513,"The Night of the Hunter","Charles Laughton","1955",92,8.0,97,0.65
514,"A Streetcar Named Desire","Elia Kazan","1951",122,7.9,97,8.0
515,"Fitzcarraldo","Werner Herzog","1982",158,8.0,0,0.0
516,"The Ten Commandments","Cecil B. DeMille","1956",220,7.9,0,93.74
517,"La Dolce Vita","Federico Fellini","1960",174,8.0,95,19.52
518,"Crouching Tiger, Hidden Dragon","Ang Lee","2000",120,7.9,94,128.08
519,"Gandhi","Richard Attenborough","1982",191,8.0,79,52.77
520,"Let the Right One In","Tomas Alfredson","2008",114,7.9,82,2.12
521,"Wings of Desire","Wim Wenders","1987",128,8.0,79,3.33
522,"Who's Afraid of Virginia Woolf?","Mike Nichols","1966",131,8.0,75,0.0
523,"The Wild Bunch","Sam Peckinpah","1969",135,7.9,98,12.06
524,"Infernal Affairs","Andrew Lau","2002",101,8.0,75,0.17
525,"In the Heat of the Night","Norman Jewison","1967",110,7.9,76,24.38
526,"Doctor Zhivago","David Lean","1965",197,7.9,69,111.72
527,"The Raid 2","Gareth Evans","2014",150,7.9,71,2.63
528,"The Straight Story","David Lynch","1999",112,8.0,86,6.2
529,"Nosferatu","F.W. Murnau","1922",94,7.9,0,0.0
530,"Baahubali: The Beginning","S.S. Rajamouli","2015",159,8.0,0,6.74
531,"The Manchurian Candidate","John Frankenheimer","1962",126,7.9,94,0.0
532,"Anatomy of a Murder","Otto Preminger","1959",161,8.0,95,11.9
533,"Once Were Warriors","Lee Tamahori","1994",102,7.9,77,2.2
534,"Wolfwalkers","Tomm Moore","2020",103,8.0,87,0.0
535,"Sing Street","John Carney","2016",106,7.9,79,3.24
536,"Harold and Maude","Hal Ashby","1971",91,7.9,62,0.0
537,"Togo","Ericson Core","2019",113,7.9,69,0.0
538,"Notorious","Alfred Hitchcock","1946",102,7.9,100,10.46
539,"Hero","Yimou Zhang","2002",120,7.9,85,53.71
540,"The Lion in Winter","Anthony Harvey","1968",134,7.9,0,22.28
541,"The Artist","Michel Hazanavicius","2011",100,7.9,89,44.67
542,"King Kong","Merian C. Cooper","1933",100,7.9,92,10.0
543,"Shoplifters","Kore-eda Hirokazu","2018",121,7.9,93,3.31
544,"A Christmas Story","Bob Clark","1983",93,7.9,77,20.61
545,"The Killing","Stanley Kubrick","1956",84,7.9,91,0.0
546,"Dancer in the Dark","Lars von Trier","2000",140,7.9,63,4.18
547,"Three Colors: Blue","Krzysztof Kieslowski","1993",94,7.9,87,1.32
548,"Strangers on a Train","Alfred Hitchcock","1951",101,7.9,88,7.63
549,"Short Term 12","Destin Daniel Cretton","2013",96,7.9,82,1.01
550,"The Red Circle","Jean-Pierre Melville","1970",140,7.9,92,0.37
551,"Patton","Franklin J. Schaffner","1970",172,7.9,86,61.7
552,"The Big Sleep","Howard Hawks","1946",114,7.9,86,6.54
553,"About Elly","Asghar Farhadi","2009",119,7.9,87,0.11
554,"The Philadelphia Story","George Cukor","1940",112,7.9,96,0.0
555,"Cat on a Hot Tin Roof","Richard Brooks","1958",108,7.9,84,17.57
556,"Arsenic and Old Lace","Frank Capra","1944",118,7.9,0,0.0
557,"Head-On","Fatih Akin","2004",121,7.9,78,0.0
558,"The Conformist","Bernardo Bertolucci","1970",113,7.9,100,0.54
559,"Amour","Michael Haneke","2012",127,7.9,95,6.74
560,"Talk to Her","Pedro Almodóvar","2002",112,7.9,86,9.36
561,"Kal Ho Naa Ho","Nikkhil Advani","2003",186,7.9,54,1.79
562,"The Thin Man","W.S. Van Dyke","1934",91,7.9,86,0.0
563,"The Sacrifice","Andrei Tarkovsky","1986",149,7.9,0,0.3
564,"In a Lonely Place","Nicholas Ray","1950",94,7.9,0,0.0
565,"I Remember","Federico Fellini","1973",123,7.9,0,0.58
566,"The Adventures of Robin Hood","Michael Curtiz","1938",102,7.9,97,3.98
567,"My Name Is Khan","Karan Johar","2010",165,7.9,50,4.02
568,"A Taxi Driver","Hun Jang","2017",137,7.9,69,1.53
569,"Mildred Pierce","Michael Curtiz","1945",111,7.9,88,0.0
570,"Laura","Otto Preminger","1944",88,7.9,0,4.36
571,"In Cold Blood","Richard Brooks","1967",134,7.9,89,0.0
572,"Harvey","Henry Koster","1950",104,7.9,0,0.0
573,"Sullivan's Travels","Preston Sturges","1941",90,7.9,0,0.0
574,"3-Iron","Kim Ki-duk","2004",88,7.9,72,0.24
575,"C.R.A.Z.Y.","Jean-Marc Vallée","2005",129,7.9,81,0.0
576,"The Way He Looks","Daniel Ribeiro","2014",96,7.9,71,0.1
577,"Kagemusha","Akira Kurosawa","1980",162,7.9,84,0.0
578,"Gully Boy","Zoya Akhtar","2019",154,7.9,65,5.57
579,"Miracle on 34th Street","George Seaton","1947",96,7.9,88,2.65
580,"Nine Queens","Fabián Bielinsky","2000",114,7.9,80,1.22
581,"Elevator to the Gallows","Louis Malle","1958",91,7.9,94,0.11
582,"Super 30","Vikas Bahl","2019",154,7.9,0,2.27
583,"The Lost Weekend","Billy Wilder","1945",101,7.9,0,9.46
584,"4 Months, 3 Weeks and 2 Days","Cristian Mungiu","2007",113,7.9,97,1.19
585,"Battleship Potemkin","Sergei Eisenstein","1925",66,7.9,97,0.05
586,"Beauty and the Beast","Jean Cocteau","1946",93,7.9,92,0.3
587,"Hiroshima Mon Amour","Alain Resnais","1959",90,7.9,0,0.09
588,"No Man's Land","Danis Tanovic","2001",98,7.9,84,1.06
589,"The Big Heat","Fritz Lang","1953",89,7.9,0,0.0
590,"Badhaai Ho","Amit Ravindernath Sharma","2018",124,7.9,0,0.0
591,"Through a Glass Darkly","Ingmar Bergman","1961",90,7.9,84,0.0
592,"Pad Man","R. Balki","2018",140,7.9,0,1.66
593,"Baby","Neeraj Pandey","2015",159,7.9,0,0.0
594,"Airlift","Raja Menon","2016",130,7.9,0,0.0
595,"The Batman","Matt Reeves","2022",176,7.8,72,369.35
596,"Everything Everywhere All at Once","Daniel Kwan","2022",139,7.8,81,72.86
597,"Tombstone","George P. Cosmatos","1993",130,7.8,50,56.51
598,"Little Miss Sunshine","Jonathan Dayton","2006",101,7.8,80,59.89
599,"Dunkirk","Christopher Nolan","2017",106,7.8,94,188.37
600,"A Bronx Tale","Robert De Niro","1993",121,7.8,80,17.27
601,"Moonrise Kingdom","Wes Anderson","2012",94,7.8,84,45.51
602,"The Breakfast Club","John Hughes","1985",97,7.8,66,45.88
603,"The Gentlemen","Guy Ritchie","2019",113,7.8,51,36.47
604,"Get Out","Jordan Peele","2017",104,7.8,85,176.04
605,"The Notebook","Nick Cassavetes","2004",123,7.8,53,81.0
606,"All Quiet on the Western Front","Edward Berger","2022",148,7.8,76,0.0
607,"Drive","Nicolas Winding Refn","2011",100,7.8,78,35.06
608,"Pride & Prejudice","Joe Wright","2005",129,7.8,82,38.41
609,"The Big Short","Adam McKay","2015",130,7.8,81,70.26
610,"Hot Fuzz","Edgar Wright","2007",121,7.8,81,23.64
611,"Dev.D","Anurag Kashyap","2009",144,7.9,0,0.01
612,"Call Me by Your Name","Luca Guadagnino","2017",132,7.8,94,18.1
613,"The Rules of the Game","Jean Renoir","1939",110,7.9,99,0.0
614,"RRR","S.S. Rajamouli","2022",187,7.8,83,14.5
615,"Jab We Met","Imtiaz Ali","2007",138,7.9,0,0.41
616,"About Time","Richard Curtis","2013",123,7.8,55,15.32
617,"The Hateful Eight","Quentin Tarantino","2015",168,7.8,68,54.12
618,"The Return","Andrey Zvyagintsev","2003",110,7.9,82,0.5
619,"Ghostbusters","Ivan Reitman","1984",105,7.8,71,238.63
620,"The Irishman","Martin Scorsese","2019",209,7.8,94,7.0
621,"Little Women","Greta Gerwig","2019",135,7.8,91,108.1
622,"The Girl with the Dragon Tattoo","David Fincher","2011",158,7.8,71,102.52
623,"The Sandlot","David Mickey Evans","1993",101,7.8,55,32.42
624,"Predator","John McTiernan","1987",107,7.8,47,59.74
625,"The Social Network","David Fincher","2010",120,7.8,95,96.96
626,"Isle of Dogs","Wes Anderson","2018",101,7.8,82,32.02
627,"Aftersun","Charlotte Wells","2022",102,7.7,95,0.0
628,"Remember the Titans","Boaz Yakin","2000",113,7.8,48,115.65
629,"Kingsman: The Secret Service","Matthew Vaughn","2014",129,7.7,60,128.26
630,"Ferris Bueller's Day Off","John Hughes","1986",103,7.8,61,70.14
631,"Harry Potter and the Goblet of Fire","Mike Newell","2005",157,7.7,81,290.01
632,"The Hobbit: An Unexpected Journey","Peter Jackson","2012",169,7.8,58,303.0
633,"The Hangover","Todd Phillips","2009",100,7.7,73,277.32
634,"Rogue One: A Star Wars Story","Gareth Edwards","2016",133,7.8,65,532.18
635,"Ocean's Eleven","Steven Soderbergh","2001",116,7.7,74,183.42
636,"Star Wars: Episode VII - The Force Awakens","J.J. Abrams","2015",138,7.8,80,936.66
637,"Apocalypto","Mel Gibson","2006",139,7.8,68,50.87
638,"Silver Linings Playbook","David O. Russell","2012",122,7.7,81,132.09
639,"Nightcrawler","Dan Gilroy","2014",117,7.8,76,32.38
640,"Zodiac","David Fincher","2007",157,7.7,79,33.08
641,"The Fugitive","Andrew Davis","1993",130,7.8,87,183.88
642,"Black Hawk Down","Ridley Scott","2001",144,7.7,74,108.64
643,"Hidden Figures","Theodore Melfi","2016",127,7.8,74,169.61
644,"Argo","Ben Affleck","2012",120,7.7,86,136.03
645,"American Gangster","Ridley Scott","2007",157,7.8,76,130.16
646,"A Few Good Men","Rob Reiner","1992",138,7.7,62,141.34
647,"Atonement","Joe Wright","2007",123,7.8,85,50.93
648,"Blue Is the Warmest Colour","Abdellatif Kechiche","2013",180,7.7,90,2.2
649,"The Killing Fields","Roland Joffé","1984",141,7.8,76,34.7
650,"Blazing Saddles","Mel Brooks","1974",93,7.7,73,119.5
651,"The Curious Case of Benjamin Button","David Fincher","2008",166,7.8,70,127.51
652,"Lost in Translation","Sofia Coppola","2003",102,7.7,91,44.59
653,"Captain America: Civil War","Anthony Russo","2016",147,7.8,75,408.08
654,"Evil Dead II","Sam Raimi","1987",84,7.7,72,5.92
655,"The Untouchables","Brian De Palma","1987",119,7.8,79,76.27
656,"Harry Potter and the Deathly Hallows: Part 1","David Yates","2010",146,7.7,65,295.98
657,"Taken","Pierre Morel","2008",90,7.8,51,145.0
658,"Brokeback Mountain","Ang Lee","2005",134,7.7,87,83.04
659,"Cast Away","Robert Zemeckis","2000",143,7.8,73,233.63
660,"The Last of the Mohicans","Michael Mann","1992",112,7.7,76,75.51
661,"Back to the Future Part II","Robert Zemeckis","1989",108,7.8,57,118.5
662,"Primal Fear","Gregory Hoblit","1996",129,7.7,47,56.12
663,"The Worst Person in the World","Joachim Trier","2021",128,7.8,90,0.0
664,"Wind River","Taylor Sheridan","2017",107,7.7,73,33.8
665,"Willy Wonka & the Chocolate Factory","Mel Stuart","1971",100,7.8,67,4.0
666,"X-Men: First Class","Matthew Vaughn","2011",131,7.7,65,146.41
667,"The Outlaw Josey Wales","Clint Eastwood","1976",135,7.8,69,31.8
668,"Ex Machina","Alex Garland","2014",108,7.7,78,25.44
669,"Captain America: The Winter Soldier","Anthony Russo","2014",136,7.8,70,259.77
670,"500 Days of Summer","Marc Webb","2009",95,7.7,76,32.39
671,"Skyfall","Sam Mendes","2012",143,7.8,81,304.36
672,"3:10 to Yuma","James Mangold","2007",122,7.7,76,53.61
673,"Captain Phillips","Paul Greengrass","2013",134,7.8,82,107.1
674,"Airplane!","Jim Abrahams","1980",88,7.7,78,83.4
675,"Manchester by the Sea","Kenneth Lonergan","2016",137,7.8,96,47.7
676,"And Your Mother Too","Alfonso Cuarón","2001",106,7.7,89,13.62
677,"Captain Fantastic","Matt Ross","2016",118,7.8,72,5.88
678,"Home Alone","Chris Columbus","1990",103,7.7,63,285.76
679,"The Hobbit: The Desolation of Smaug","Peter Jackson","2013",161,7.8,66,258.37
680,"Training Day","Antoine Fuqua","2001",122,7.7,69,76.63
681,"Gattaca","Andrew Niccol","1997",106,7.8,64,12.34
682,"Blue Velvet","David Lynch","1986",120,7.7,76,8.55
683,"Misery","Rob Reiner","1990",107,7.8,75,61.28
684,"Who Framed Roger Rabbit","Robert Zemeckis","1988",104,7.7,83,156.45
685,"The Last Samurai","Edward Zwick","2003",154,7.8,55,111.11
686,"Coraline","Henry Selick","2009",100,7.7,80,75.29
687,"Big Hero 6","Don Hall","2014",102,7.8,74,222.53
688,"Glengarry Glen Ross","James Foley","1992",100,7.7,82,10.73
689,"Thirteen Lives","Ron Howard","2022",147,7.8,66,0.0
690,"Wait Until Dark","Terence Young","1967",108,7.7,81,17.55
691,"Midnight Cowboy","John Schlesinger","1969",113,7.8,79,44.79
692,"The Game","David Fincher","1997",129,7.7,63,48.32
693,"Boyz n the Hood","John Singleton","1991",112,7.8,76,57.5
694,"The Count of Monte Cristo","Kevin Reynolds","2002",131,7.7,61,54.23
695,"Mr. Nobody","Jaco Van Dormael","2009",141,7.7,63,0.0
696,"I Saw the Devil","Jee-woon Kim","2010",144,7.8,67,0.13
697,"The Lego Movie","Phil Lord","2014",100,7.7,83,257.76
698,"Mary Poppins","Robert Stevenson","1964",139,7.8,88,102.27
699,"Philadelphia","Jonathan Demme","1993",125,7.7,66,77.32
700,"Walk the Line","James Mangold","2005",136,7.8,72,119.52
701,"Tangled","Nathan Greno","2010",100,7.7,71,200.82
702,"East of Eden","Elia Kazan","1955",118,7.8,72,0.0
703,"Man on Fire","Tony Scott","2004",146,7.7,47,77.91
704,"Straight Outta Compton","F. Gary Gray","2015",147,7.8,72,161.2
705,"Birdman or (The Unexpected Virtue of Ignorance)","Alejandro G. Iñárritu","2014",119,7.7,87,42.34
706,"The Conversation","Francis Ford Coppola","1974",113,7.8,87,4.42
707,"Deliverance","John Boorman","1972",109,7.7,80,7.06
708,"Glory","Edward Zwick","1989",122,7.8,78,26.83
709,"Awakenings","Penny Marshall","1990",121,7.8,74,52.1
710,"Serenity","Joss Whedon","2005",119,7.8,74,25.51
711,"Moon","Duncan Jones","2009",97,7.8,67,5.01
712,"The Holy Mountain","Alejandro Jodorowsky","1973",114,7.8,76,0.06
713,"The Right Stuff","Philip Kaufman","1983",193,7.8,91,21.5
714,"The Fighter","David O. Russell","2010",116,7.8,79,93.62
715,"Mississippi Burning","Alan Parker","1988",128,7.8,65,34.6
716,"The King of Comedy","Martin Scorsese","1982",109,7.8,73,2.5
717,"The Fall","Tarsem Singh","2006",117,7.8,64,2.28
718,"Paddington 2","Paul King","2017",103,7.8,88,40.44
719,"The Girl with the Dragon Tattoo","Niels Arden Oplev","2009",152,7.8,76,10.1
720,"Kiki's Delivery Service","Hayao Miyazaki","1989",103,7.8,85,0.0
721,"How to Train Your Dragon 2","Dean DeBlois","2014",102,7.8,77,177.0
722,"The Remains of the Day","James Ivory","1993",134,7.8,86,22.95
723,"Pride","Matthew Warchus","2014",119,7.8,79,0.0
724,"Hunt for the Wilderpeople","Taika Waititi","2016",101,7.8,81,5.2
725,"First Blood","Ted Kotcheff","1982",93,7.7,61,47.21
726,"The Insider","Michael Mann","1999",157,7.8,84,28.97
727,"Sense and Sensibility","Ang Lee","1995",136,7.7,84,43.18
728,"Changeling","Clint Eastwood","2008",141,7.8,63,35.74
729,"Star Trek II: The Wrath of Khan","Nicholas Meyer","1982",113,7.7,68,78.91
730,"Ed Wood","Tim Burton","1994",127,7.8,70,5.89
731,"The Fault in Our Stars","Josh Boone","2014",126,7.7,69,124.87
732,"Night of the Living Dead","George A. Romero","1968",96,7.8,89,0.09
733,"The Bourne Supremacy","Paul Greengrass","2004",108,7.7,73,176.24
734,"The Day the Earth Stood Still","Robert Wise","1951",92,7.8,83,0.0
735,"Wreck-It Ralph","Rich Moore","2012",101,7.7,72,189.42
736,"Apollo 13","Ron Howard","1995",140,7.7,77,173.84
737,"Midnight in Paris","Woody Allen","2011",94,7.7,81,56.82
738,"The Best Offer","Giuseppe Tornatore","2013",131,7.8,49,0.09
739,"Toy Story 4","Josh Cooley","2019",100,7.7,84,434.04
740,"Dawn of the Dead","George A. Romero","1978",127,7.8,71,5.1
741,"Halloween","John Carpenter","1978",91,7.7,87,47.0
742,"My Fair Lady","George Cukor","1964",170,7.8,95,72.0
743,"Another Round","Thomas Vinterberg","2020",117,7.7,79,0.0
744,"Kramer vs. Kramer","Robert Benton","1979",105,7.8,77,106.26
745,"The Machinist","Brad Anderson","2004",101,7.7,61,1.08
746,"My Left Foot","Jim Sheridan","1989",103,7.8,97,14.74
747,"O Brother, Where Art Thou?","Joel Coen","2000",107,7.7,69,45.51
748,"The Day of the Jackal","Fred Zinnemann","1973",143,7.8,80,16.06
749,"Crash","Paul Haggis","2004",112,7.7,66,54.58
750,"What's Eating Gilbert Grape","Lasse Hallström","1993",118,7.7,73,9.17
751,"Bringing Up Baby","Howard Hawks","1938",102,7.8,91,0.0
752,"The Magnificent Seven","John Sturges","1960",128,7.7,74,4.91
753,"The French Connection","William Friedkin","1971",104,7.7,94,15.63
754,"Cabaret","Bob Fosse","1972",124,7.8,80,42.77
755,"Gravity","Alfonso Cuarón","2013",91,7.7,96,274.09
756,"October Sky","Joe Johnston","1999",108,7.8,71,32.48
757,"Donnie Brasco","Mike Newell","1997",127,7.7,76,41.91
758,"Days of Heaven","Terrence Malick","1978",94,7.8,93,0.0
759,"The Trial of the Chicago 7","Aaron Sorkin","2020",129,7.7,76,0.0
760,"Guess Who's Coming to Dinner","Stanley Kramer","1967",108,7.8,63,56.7
761,"As Good as It Gets","James L. Brooks","1997",139,7.7,67,148.48
762,"Once","John Carney","2007",86,7.8,90,9.44
763,"Road to Perdition","Sam Mendes","2002",117,7.7,72,104.45
764,"Aguirre, the Wrath of God","Werner Herzog","1972",95,7.8,0,0.0
765,"The Boondock Saints","Troy Duffy","1999",108,7.7,44,0.03
766,"Freaks","Tod Browning","1932",64,7.8,80,0.63
767,"Naked","Mike Leigh","1993",131,7.7,85,1.77
768,"Empire of the Sun","Steven Spielberg","1987",153,7.7,62,22.24
769,"The Color Purple","Steven Spielberg","1985",154,7.7,78,98.47
770,"All About My Mother","Pedro Almodóvar","1999",101,7.8,87,8.26
771,"Sound of Metal","Darius Marder","2019",120,7.7,82,0.0
772,"When Harry Met Sally...","Rob Reiner","1989",95,7.7,76,92.82
773,"All That Jazz","Bob Fosse","1979",123,7.8,72,37.82
774,"The Boy in the Striped Pajamas","Mark Herman","2008",94,7.7,55,9.03
775,"Letters from Iwo Jima","Clint Eastwood","2006",141,7.8,89,13.76
776,"A Man Called Ove","Hannes Holm","2015",116,7.7,70,3.48
777,"Lilya 4-Ever","Lukas Moodysson","2002",109,7.8,83,0.18
778,"Star Trek Into Darkness","J.J. Abrams","2013",132,7.7,72,228.78
779,"Whisper of the Heart","Yoshifumi Kondô","1995",111,7.8,75,0.0
780,"Fried Green Tomatoes","Jon Avnet","1991",130,7.7,64,82.42
781,"Gaslight","George Cukor","1944",114,7.8,78,0.0
782,"Kung Fu Hustle","Stephen Chow","2004",99,7.7,78,17.11
783,"Dirty Harry","Don Siegel","1971",102,7.7,87,35.9
784,"The Chaser","Na Hong-jin","2008",125,7.8,64,0.0
785,"Serpico","Sidney Lumet","1973",130,7.7,81,29.8
786,"Detachment","Tony Kaye","2011",98,7.7,52,0.07
787,"Manhattan","Woody Allen","1979",96,7.8,83,45.7
788,"Happiness","Todd Solondz","1998",134,7.7,81,2.81
789,"Breaking the Waves","Lars von Trier","1996",159,7.8,81,4.04
790,"Being John Malkovich","Spike Jonze","1999",113,7.7,90,22.86
791,"The Theory of Everything","James Marsh","2014",123,7.7,71,35.89
792,"Loving Vincent","DK Welchman","2017",94,7.8,62,6.74
793,"The Dirty Dozen","Robert Aldrich","1967",150,7.7,73,45.3
794,"The World's Fastest Indian","Roger Donaldson","2005",127,7.8,68,5.13
795,"Lucky Number Slevin","Paul McGuigan","2006",110,7.7,53,22.49
796,"Frankenstein","James Whale","1931",70,7.8,91,0.0
797,"Adaptation.","Spike Jonze","2002",115,7.7,83,22.25
798,"To Have and Have Not","Howard Hawks","1944",100,7.8,90,0.0
799,"Clerks","Kevin Smith","1994",92,7.7,70,3.15
800,"Stagecoach","John Ford","1939",96,7.8,93,0.0
801,"The Longest Day","Ken Annakin","1962",178,7.7,75,39.1
802,"This Is England","Shane Meadows","2006",101,7.7,86,0.33
803,"Flipped","Rob Reiner","2010",90,7.7,45,1.75
804,"The Name of the Rose","Jean-Jacques Annaud","1986",130,7.7,54,7.15
805,"Goldfinger","Guy Hamilton","1964",110,7.7,87,51.08
806,"Ordinary People","Robert Redford","1980",124,7.7,86,54.8
807,"South Park: Bigger, Longer & Uncut","Trey Parker","1999",81,7.7,73,52.04
808,"Bonnie and Clyde","Arthur Penn","1967",111,7.7,86,0.0
809,"The Verdict","Sidney Lumet","1982",129,7.7,77,54.0
810,"The Great Beauty","Paolo Sorrentino","2013",141,7.7,86,2.85
811,"Malcolm X","Spike Lee","1992",202,7.7,73,48.17
812,"Billy Elliot","Stephen Daldry","2000",110,7.7,74,22.0
813,"Miller's Crossing","Joel Coen","1990",115,7.7,66,5.08
814,"Paprika","Satoshi Kon","2006",90,7.7,81,0.88
815,"The Wind Rises","Hayao Miyazaki","2013",126,7.7,83,5.21
816,"Ray","Taylor Hackford","2004",152,7.7,73,75.33
817,"Roma","Alfonso Cuarón","2018",135,7.7,96,0.0
818,"Joint Security Area","Park Chan-wook","2000",110,7.7,58,0.0
819,"Run Lola Run","Tom Tykwer","1998",80,7.7,77,7.27
820,"Belle de Jour","Luis Buñuel","1967",100,7.7,0,0.03
821,"Red River","Howard Hawks","1948",133,7.8,96,0.0
822,"The Lunchbox","Ritesh Batra","2013",104,7.8,76,4.23
823,"The Last Emperor","Bernardo Bertolucci","1987",163,7.7,76,43.98
824,"Land of Mine","Martin Zandvliet","2015",100,7.8,75,0.44
825,"Hard Boiled","John Woo","1992",128,7.7,0,0.0
826,"Kubo and the Two Strings","Travis Knight","2016",101,7.7,84,48.02
827,"His Girl Friday","Howard Hawks","1940",92,7.8,0,0.3
828,"Fantastic Planet","René Laloux","1973",72,7.7,73,0.19
829,"Batman: Mask of the Phantasm","Eric Radomski","1993",76,7.8,65,5.62
830,"The Man from Nowhere","Jeong-beom Lee","2010",119,7.7,0,0.01
831,"L'Avventura","Michelangelo Antonioni","1960",144,7.8,0,0.0
832,"Mother","Bong Joon Ho","2009",129,7.7,79,0.55
833,"Hannah and Her Sisters","Woody Allen","1986",107,7.8,90,40.08
834,"Badlands","Terrence Malick","1973",94,7.7,93,0.0
835,"Ninja Scroll","Yoshiaki Kawajiri","1993",94,7.8,0,0.0
836,"The Man Who Would Be King","John Huston","1975",129,7.8,91,0.0
837,"The African Queen","John Huston","1951",105,7.7,91,0.54
838,"The White Ribbon","Michael Haneke","2009",144,7.8,84,2.22
839,"Open Your Eyes","Alejandro Amenábar","1997",119,7.7,0,0.37
840,"Shadow of a Doubt","Alfred Hitchcock","1943",108,7.8,94,0.0
841,"A Prophet","Jacques Audiard","2009",155,7.8,90,2.08
842,"Beasts of No Nation","Cary Joji Fukunaga","2015",137,7.7,79,0.08
843,"Finding Neverland","Marc Forster","2004",106,7.7,67,51.68
844,"The Bride of Frankenstein","James Whale","1935",75,7.8,95,4.36
845,"Me and Earl and the Dying Girl","Alfonso Gomez-Rejon","2015",105,7.7,74,6.74
846,"The Umbrellas of Cherbourg","Jacques Demy","1964",91,7.8,86,0.03
847,"The Quiet Man","John Ford","1952",129,7.7,85,10.55
848,"Happy Together","Kar-Wai Wong","1997",96,7.7,70,0.19
849,"I, Daniel Blake","Ken Loach","2016",100,7.8,78,0.26
850,"The Innocents","Jack Clayton","1961",100,7.8,88,2.62
851,"Breathless","Jean-Luc Godard","1960",90,7.7,0,0.34
852,"The Killer","John Woo","1989",111,7.8,82,0.0
853,"Black Book","Paul Verhoeven","2006",145,7.7,71,4.4
854,"The Postman","Michael Radford","1994",108,7.8,81,21.85
855,"Short Cuts","Robert Altman","1993",188,7.7,81,6.11
856,"You Can't Take It with You","Frank Capra","1938",126,7.8,0,4.66
857,"Hamlet","Kenneth Branagh","1996",242,7.7,0,4.41
858,"Cowboy Bebop: The Movie","Shin'ichirô Watanabe","2001",115,7.8,61,1.0
859,"Fantasia","James Algar","1940",124,7.7,96,76.41
860,"Nebraska","Alexander Payne","2013",115,7.7,86,17.65
861,"The Chorus","Christophe Barratier","2004",97,7.8,56,3.64
862,"The Double Life of Véronique","Krzysztof Kieslowski","1991",98,7.7,86,2.0
863,"Tokyo Godfathers","Satoshi Kon","2003",92,7.8,74,0.13
864,"Zulu","Cy Endfield","1964",138,7.7,77,0.0
865,"Crimes and Misdemeanors","Woody Allen","1989",104,7.8,77,18.25
866,"Waking Life","Richard Linklater","2001",99,7.7,84,2.89
867,"Once Upon a Time in Anatolia","Nuri Bilge Ceylan","2011",157,7.8,82,0.14
868,"Porco Rosso","Hayao Miyazaki","1992",94,7.7,83,0.0
869,"The Asphalt Jungle","John Huston","1950",112,7.8,85,0.0
870,"The Vanishing","George Sluizer","1988",107,7.7,0,0.0
871,"Veer Zaara","Yash Chopra","2004",192,7.8,67,2.92
872,"Invasion of the Body Snatchers","Don Siegel","1956",80,7.7,92,0.0
873,"The Discreet Charm of the Bourgeoisie","Luis Buñuel","1972",102,7.8,93,0.2
874,"Like Father, Like Son","Kore-eda Hirokazu","2013",121,7.8,73,0.28
875,"When Marnie Was There","Hiromasa Yonebayashi","2014",103,7.7,72,0.77
876,"Hedwig and the Angry Inch","John Cameron Mitchell","2001",95,7.7,85,3.03
877,"English Vinglish","Gauri Shinde","2012",134,7.8,0,1.67
878,"Perfect Strangers","Paolo Genovese","2016",96,7.7,0,0.0
879,"Duck Soup","Leo McCarey","1933",69,7.8,93,0.0
880,"A Man for All Seasons","Fred Zinnemann","1966",120,7.7,72,28.35
881,"Vivre Sa Vie","Jean-Luc Godard","1962",85,7.8,0,0.0
882,"Night on Earth","Jim Jarmusch","1991",129,7.7,68,2.02
883,"Millennium Actress","Satoshi Kon","2001",87,7.8,70,0.19
884,"Black Narcissus","Michael Powell","1947",101,7.7,86,0.0
885,"Knockin' on Heaven's Door","Thomas Jahn","1997",87,7.8,0,0.0
886,"The Broken Circle Breakdown","Felix van Groeningen","2012",111,7.7,70,0.18
887,"My Life as a Zucchini","Claude Barras","2016",70,7.8,85,0.29
888,"The Triplets of Belleville","Sylvain Chomet","2003",80,7.7,91,7.0
889,"A Night at the Opera","Sam Wood","1935",96,7.8,0,2.54
890,"Good Bye Lenin!","Wolfgang Becker","2003",121,7.7,68,4.06
891,"Hindi Medium","Saket Chaudhary","2017",132,7.8,0,0.0
892,"The Little Prince","Mark Osborne","2015",108,7.7,70,1.34
893,"Vicky Donor","Shoojit Sircar","2012",126,7.8,0,0.17
894,"Cape Fear","J. Lee Thompson","1962",106,7.7,76,0.0
895,"The Whale","Darren Aronofsky","2022",117,7.7,60,0.0
896,"Scarface","Howard Hawks","1932",93,7.7,90,0.0
897,"Mission: Impossible - Fallout","Christopher McQuarrie","2018",147,7.7,86,220.16
898,"Marty","Delbert Mann","1955",90,7.7,0,0.0
899,"The Banshees of Inisherin","Martin McDonagh","2022",114,7.7,87,0.0
900,"The Motorcycle Diaries","Walter Salles","2004",126,7.7,75,16.78
901,"The Goonies","Richard Donner","1985",114,7.7,62,61.5
902,"The Lady Vanishes","Alfred Hitchcock","1938",96,7.7,98,0.0
903,"Down by Law","Jim Jarmusch","1986",107,7.7,75,1.44
904,"The Caine Mutiny","Edward Dmytryk","1954",124,7.7,63,21.75
905,"Harry Potter and the Sorcerer's Stone","Chris Columbus","2001",152,7.6,65,317.58
906,"Once Upon a Time in Hollywood","Quentin Tarantino","2019",161,7.6,83,142.5
907,"American Psycho","Mary Harron","2000",102,7.6,64,15.07
908,"The Fifth Element","Luc Besson","1997",126,7.6,52,63.54
909,"Superbad","Greg Mottola","2007",113,7.6,76,121.46
910,"The Royal Tenenbaums","Wes Anderson","2001",110,7.6,76,52.36
911,"300","Zack Snyder","2006",117,7.6,52,210.61
912,"Watchmen","Zack Snyder","2009",162,7.6,56,107.51
913,"Deadpool 2","David Leitch","2018",119,7.6,66,324.59
914,"Guardians of the Galaxy Vol. 2","James Gunn","2017",136,7.6,67,389.81
915,"Moana","Ron Clements","2016",107,7.6,81,248.76
916,"RoboCop","Paul Verhoeven","1987",102,7.6,70,53.42
917,"Kick-Ass","Matthew Vaughn","2010",117,7.6,66,48.07
918,"Sicario","Denis Villeneuve","2015",121,7.6,82,46.89
919,"My Cousin Vinny","Jonathan Lynn","1992",120,7.6,68,52.93
920,"Rushmore","Wes Anderson","1998",93,7.6,86,17.11
921,"Saw","James Wan","2004",103,7.6,46,56.0
922,"Office Space","Mike Judge","1999",89,7.6,68,10.82
923,"Moneyball","Bennett Miller","2011",133,7.6,87,75.61
924,"A Star Is Born","Bradley Cooper","2018",136,7.6,88,215.29
925,"The Butterfly Effect","Eric Bress","2004",113,7.6,30,57.94
926,"Inside Man","Spike Lee","2006",129,7.6,76,88.51
927,"Star Wars: Episode III - Revenge of the Sith","George Lucas","2005",140,7.6,68,380.26
928,"Stardust","Matthew Vaughn","2007",127,7.6,66,38.63
929,"True Grit","Ethan Coen","2010",110,7.6,80,171.24
930,"Kung Fu Panda","Mark Osborne","2008",92,7.6,74,215.43
931,"Minority Report","Steven Spielberg","2002",145,7.6,80,132.07
932,"Hell or High Water","David Mackenzie","2016",102,7.6,88,26.86
933,"The Blind Side","John Lee Hancock","2009",129,7.6,53,255.96
934,"Eastern Promises","David Cronenberg","2007",100,7.6,83,17.11
935,"The Others","Alejandro Amenábar","2001",104,7.6,74,96.52
936,"The Birds","Alfred Hitchcock","1963",119,7.6,90,11.4
937,"Mulan","Tony Bancroft","1998",87,7.6,71,120.62
938,"The Fly","David Cronenberg","1986",96,7.6,79,40.46
939,"Lethal Weapon","Richard Donner","1987",109,7.6,68,65.21
940,"What We Do in the Shadows","Jemaine Clement","2014",86,7.6,76,3.33
941,"The Mitchells vs the Machines","Michael Rianda","2021",114,7.6,81,0.0
942,"The Thin Red Line","Terrence Malick","1998",170,7.6,78,36.4
943,"Despicable Me","Pierre Coffin","2010",95,7.6,72,251.51
944,"Frost/Nixon","Ron Howard","2008",122,7.7,80,18.59
945,"Searching","Aneesh Chaganty","2018",102,7.6,71,26.02
946,"The Raid: Redemption","Gareth Evans","2011",101,7.6,73,4.11
947,"Taste of Cherry","Abbas Kiarostami","1997",95,7.7,80,0.31
948,"The Road Warrior","George Miller","1981",96,7.6,77,12.47
949,"Key Largo","John Huston","1948",100,7.7,0,0.0
950,"Dark City","Alex Proyas","1998",100,7.6,66,14.38
951,"The Salesman","Asghar Farhadi","2016",124,7.7,85,2.4
952,"Gone Baby Gone","Ben Affleck","2007",114,7.6,72,20.3
953,"Confessions","Tetsuya Nakashima","2010",106,7.7,0,0.0
954,"The Skin I Live In","Pedro Almodóvar","2011",120,7.6,70,3.19
955,"Dreams","Akira Kurosawa","1990",119,7.7,0,1.96
956,"Ponyo","Hayao Miyazaki","2008",101,7.6,86,15.09
957,"The Jungle Book","Wolfgang Reitherman","1967",78,7.6,65,141.84
958,"Enter the Dragon","Robert Clouse","1973",102,7.6,83,25.0
959,"End of Watch","David Ayer","2012",109,7.6,68,41.0
960,"Dark Waters","Todd Haynes","2019",126,7.6,73,0.0
961,"Dawn of the Planet of the Apes","Matt Reeves","2014",130,7.6,79,208.55
962,"I Am Sam","Jessie Nelson","2001",132,7.6,28,40.31
963,"Match Point","Woody Allen","2005",124,7.6,72,23.09
964,"The Experiment","Oliver Hirschbiegel","2001",120,7.7,60,0.14
965,"The Bridges of Madison County","Clint Eastwood","1995",135,7.6,69,71.52
966,"Evil","Mikael Håfström","2003",113,7.7,61,0.02
967,"After Hours","Martin Scorsese","1985",97,7.6,90,10.6
968,"Sabrina","Billy Wilder","1954",113,7.6,72,0.0
969,"Adam's Apples","Anders Thomas Jensen","2005",94,7.7,51,0.0
970,"Die Hard with a Vengeance","John McTiernan","1995",128,7.6,58,100.01
971,"The Girl Who Leapt Through Time","Mamoru Hosoda","2006",98,7.7,66,0.0
972,"Rebel Without a Cause","Nicholas Ray","1955",111,7.6,89,0.0
973,"The Magdalene Sisters","Peter Mullan","2002",114,7.7,83,4.89
974,"Snow White and the Seven Dwarfs","William Cottrell","1937",83,7.6,96,184.93
975,"After the Wedding","Susanne Bier","2006",120,7.7,78,0.41
976,"From Here to Eternity","Fred Zinnemann","1953",118,7.6,85,30.5
977,"In America","Jim Sheridan","2002",105,7.7,76,15.54
978,"50/50","Jonathan Levine","2011",100,7.6,72,35.01
979,"Barton Fink","Joel Coen","1991",116,7.6,69,6.15
980,"The Breadwinner","Nora Twomey","2017",94,7.7,78,0.31
981,"21 Grams","Alejandro G. Iñárritu","2003",124,7.6,70,16.29
982,"Jules and Jim","François Truffaut","1962",105,7.7,97,0.0
983,"United 93","Paul Greengrass","2006",111,7.6,90,31.57
984,"Love and Death","Woody Allen","1975",85,7.7,89,0.0
985,"The Last King of Scotland","Kevin Macdonald","2006",123,7.6,74,17.61
986,"Fireworks","Takeshi Kitano","1997",103,7.7,83,0.23
987,"25th Hour","Spike Lee","2002",135,7.6,69,13.06
988,"The Taking of Pelham One Two Three","Joseph Sargent","1974",104,7.6,68,2.49
989,"Control","Anton Corbijn","2007",122,7.6,78,0.87
990,"A Very Long Engagement","Jean-Pierre Jeunet","2004",133,7.6,76,6.17
991,"Shine","Scott Hicks","1996",105,7.6,87,35.81
992,"Philomena","Stephen Frears","2013",98,7.6,77,37.71
993,"The Invisible Man","James Whale","1933",71,7.6,87,0.0
994,"Cell 211","Daniel Monzón","2009",113,7.6,0,0.0
995,"The Purple Rose of Cairo","Woody Allen","1985",82,7.7,75,10.63
996,"The Muppet Christmas Carol","Brian Henson","1992",85,7.7,64,27.28
997,"The Past","Asghar Farhadi","2013",130,7.7,85,1.33
998,"Zelig","Woody Allen","1983",79,7.7,0,11.8
999,"The Edge of Heaven","Fatih Akin","2007",122,7.7,85,0.74
1000,"Avatar: The Way of Water","James Cameron","2022",192,7.6,67,659.68
